api8,lease_no,well_no,lease_name,operator,field,county,district,first_prod,months_history,cum_oil_bbl,n_points,qi,Di_monthly,Di_annual,b,r_squared,status,eur_bbl,remaining_bbl,cum_produced_bbl,forecast_months,cluster_id,cluster,lateral_ft,eur_per_1000ft
31743171,56651,4H,BOHANAN-BLOCKER 3B,"PIONEER NATURAL RES. USA, INC.",SPRABERRY (TREND AREA),MARTIN,10,202201,54,391212.0,51,27269.999999999964,0.14947088063188815,1.7936505675826577,0.9025863870772645,0.9255021577726766,ok,696001.0360300567,304789.03603005665,391212.0,501,1,Moderate decline,10036.0,69350.44201176333
31743549,60103,322H,WELCH-COX E39V,"PIONEER NATURAL RES. USA, INC.",SPRABERRY (TREND AREA),MARTIN,10,202310,33,305865.0,25,45997.999999999956,0.15968036517827772,1.9161643821393326,0.05000000000000017,0.8708214791134363,ok,308329.7176311435,2464.7176311435082,305865.0,9,0,Mild decline,10330.0,29847.988154031318
31743566,60093,301H,WELCH-COX E39A,"PIONEER NATURAL RES. USA, INC.",SPRABERRY (TREND AREA),MARTIN,10,202310,33,132224.0,29,19026.999999999956,0.25911210994419015,3.1093453193302816,0.6282319715469582,0.9442912611673141,ok,166095.72543082753,33871.72543082754,132224.0,90,1,Moderate decline,10131.0,16394.80065450869
31743568,60106,320H,WELCH-COX E39T,"PIONEER NATURAL RES. USA, INC.",SPRABERRY (TREND AREA),MARTIN,10,202310,33,344557.0,29,48445.99999999993,0.34421540881374035,4.130584905764884,0.9097504218037582,0.8555905632832228,ok,620262.211758519,275705.211758519,344557.0,450,1,Moderate decline,10330.0,60044.74460392247
31743755,57663,214H,GLYNN-ATCHISON 44N,"PIONEER NATURAL RES. USA, INC.",SPRABERRY (TREND AREA),MARTIN,10,202203,47,312236.0,42,13286.416208602175,0.045292444360030465,0.5435093323203656,0.0500000000001375,0.5350727478440622,ok,355708.76317279466,43472.76317279464,312236.0,65,0,Mild decline,10301.0,34531.47880524169
31743757,57623,213H,GLYNN-ATCHISON 44M,"PIONEER NATURAL RES. USA, INC.",SPRABERRY (TREND AREA),MARTIN,10,202203,47,185811.0,42,19409.99999999983,0.7999999999785358,9.59999999974243,1.674738113360203,0.5992563598098622,ok,461062.33080157824,275251.33080157824,185811.0,511,2,Steep decline,10181.0,45286.54658693432
31743759,57722,212H,GLYNN-ATCHISON 44L,"PIONEER NATURAL RES. USA, INC.",SPRABERRY (TREND AREA),MARTIN,10,202208,47,236165.0,43,34728.99999999992,0.44125684166301754,5.29508209995621,0.8871159327008892,0.875637978701938,ok,337161.58165401284,100996.58165401284,236165.0,267,1,Moderate decline,10181.0,33116.745079463006
31743816,58214,4H,SCHARBAUER-DOVE 7D,"PIONEER NATURAL RES. USA, INC.",SPRABERRY (TREND AREA),MARTIN,10,202210,45,334445.0,42,28316.99999999964,0.22272239012949407,2.6726686815539287,1.2040891910753317,0.9023668898773078,ok,803761.1864392067,469316.1864392067,334445.0,600,1,Moderate decline,10181.0,78947.17478039552
31743818,58257,6H,SCHARBAUER-DOVE 7F,"PIONEER NATURAL RES. USA, INC.",SPRABERRY (TREND AREA),MARTIN,10,202210,45,315509.0,41,29621.99999950327,0.41062981665147297,4.927557799817675,1.5020028761145063,0.8498214200281424,ok,832482.9810508979,516973.9810508978,315509.0,600,2,Steep decline,10330.0,80588.86554219728
31744051,57772,105H,EPLEY-MARTIN 31E,"PIONEER NATURAL RES. USA, INC.",SPRABERRY (TREND AREA),MARTIN,10,202204,46,333048.0,39,22933.999999877837,0.49248340294200443,5.909800835304053,1.9607760456760337,0.5338614316730461,ok,960345.5582289153,627297.5582289153,333048.0,600,2,Steep decline,9781.0,98184.8030087839
31744052,57845,106H,EPLEY-MARTIN 31F,"PIONEER NATURAL RES. USA, INC.",SPRABERRY (TREND AREA),MARTIN,10,202209,46,232655.0,42,30972.99999999958,0.3084335650087855,3.701202780105426,0.7546420792179105,0.8945910873529177,ok,306488.3377854628,73833.33778546279,232655.0,190,1,Moderate decline,9981.0,30707.177415635986
31744053,57856,104H,EPLEY-MARTIN 31D,"PIONEER NATURAL RES. USA, INC.",SPRABERRY (TREND AREA),MARTIN,10,202209,46,317134.0,42,37338.99999995821,0.338652418477675,4.063829021732101,0.9886684216763075,0.9218273317324615,ok,558388.6463187176,241254.64631871766,317134.0,451,1,Moderate decline,9886.0,56482.76818922898
31744055,59221,211H,DAVIS-LACY 31K,"PIONEER NATURAL RES. USA, INC.",SPRABERRY (TREND AREA),MARTIN,10,202212,36,262086.0,28,20170.99999999973,0.4420975194342967,5.305170233211561,1.9999999999999998,0.5862369547814031,ok,901438.9278671748,639352.9278671748,262086.0,600,2,Steep decline,9939.0,90697.1453734958
31744056,59228,210H,DAVIS-LACY 31J,"PIONEER NATURAL RES. USA, INC.",SPRABERRY (TREND AREA),MARTIN,10,202212,36,243014.0,32,36116.999999999956,0.2578085792312604,3.093702950775125,0.5219360277230434,0.9327184891620489,ok,280477.8764036609,37463.876403660935,243014.0,87,1,Moderate decline,9981.0,28101.17988214216
31744057,59229,209H,DAVIS-LACY 31I,"PIONEER NATURAL RES. USA, INC.",SPRABERRY (TREND AREA),MARTIN,10,202301,36,434886.0,31,47936.999999999935,0.3333610638151804,4.000332765782165,1.0488887481501579,0.8688492871730706,ok,867535.7380975723,432649.73809757235,434886.0,573,1,Moderate decline,10067.0,86176.19331454975
31744058,58930,208H,DAVIS-LACY 31H,"PIONEER NATURAL RES. USA, INC.",SPRABERRY (TREND AREA),MARTIN,10,202211,36,145934.0,32,10284.706001980803,0.06350714964271055,0.7620857957125267,0.050000000002265205,0.7644646223359612,ok,165316.1465328119,19382.1465328119,145934.0,39,0,Mild decline,9932.0,16644.7992884426
31744059,59242,207H,DAVIS-LACY 31G,"PIONEER NATURAL RES. USA, INC.",SPRABERRY (TREND AREA),MARTIN,10,202301,36,250609.0,32,27454.992359320047,0.21513626076739573,2.581635129208749,0.7195633144111117,0.8333839538243181,ok,364441.75887166866,113832.75887166864,250609.0,232,1,Moderate decline,9972.0,36546.50610425879
31744060,58222,107H,EPLEY-MARTIN 31G,"PIONEER NATURAL RES. USA, INC.",SPRABERRY (TREND AREA),MARTIN,10,202209,46,228860.0,42,32776.99999999991,0.5114515163235345,6.137418195882414,1.0658048572227081,0.8413405024222719,ok,399500.7614874287,170640.76148742868,228860.0,388,2,Steep decline,9781.0,40844.57228171237
31744061,57708,103H,EPLEY-MARTIN 31C,"PIONEER NATURAL RES. USA, INC.",SPRABERRY (TREND AREA),MARTIN,10,202203,46,453497.0,42,53057.99999997951,0.24746256437895806,2.9695507725474966,0.7298839531343679,0.9236169231750874,ok,638549.0313174024,185052.03131740232,453497.0,343,1,Moderate decline,9886.0,64591.24330542205
31744063,57694,108H,EPLEY-MARTIN 31H,"PIONEER NATURAL RES. USA, INC.",SPRABERRY (TREND AREA),MARTIN,10,202204,46,239636.0,39,18819.99999999995,0.45641475696327505,5.476977083559301,1.6173859296172641,0.6812353990228124,ok,600437.489444004,360801.489444004,239636.0,567,2,Steep decline,9981.0,60158.04923795251
31744064,57857,109H,EPLEY-MARTIN 31I,"PIONEER NATURAL RES. USA, INC.",SPRABERRY (TREND AREA),MARTIN,10,202209,46,440791.0,42,52190.99999999991,0.2518729713751852,3.0224756565022224,0.7534922054753646,0.922664163279857,ok,639897.7362630062,199106.73626300629,440791.0,366,1,Moderate decline,9981.0,64111.58563901475
31744066,58152,111H,EPLEY-MARTIN 31K,"PIONEER NATURAL RES. USA, INC.",SPRABERRY (TREND AREA),MARTIN,10,202209,46,373579.0,42,46860.99999999995,0.3047900304882416,3.6574803658588992,0.8571307512121246,0.9041801335500456,ok,589305.6873728312,215726.6873728311,373579.0,407,1,Moderate decline,9781.0,60250.04471657613
31744067,59230,206H,DAVIS-LACY 31F,"PIONEER NATURAL RES. USA, INC.",SPRABERRY (TREND AREA),MARTIN,10,202301,36,312514.0,30,22840.99999999986,0.14556520508918724,1.746782461070247,0.780118955496352,0.7850566527731775,ok,530499.9134802693,217985.9134802693,312514.0,378,1,Moderate decline,9861.0,53797.78049693431
31744068,59240,205H,DAVIS-LACY 31E,"PIONEER NATURAL RES. USA, INC.",SPRABERRY (TREND AREA),MARTIN,10,202302,36,353189.0,31,41942.99999999954,0.26621674357792185,3.194600922935062,0.621605703495675,0.9185994975307297,ok,434492.9576346858,81303.95763468582,353189.0,160,1,Moderate decline,10039.0,43280.50180642353
31744069,59233,204H,DAVIS-LACY 31D,"PIONEER NATURAL RES. USA, INC.",SPRABERRY (TREND AREA),MARTIN,10,202212,36,179088.0,28,14227.999999999978,0.12557061671279096,1.5068474005534915,0.05000000000003367,0.7092494387629504,ok,181343.51854700464,2255.5185470046363,179088.0,9,0,Mild decline,9883.0,18349.035570879758
31744070,59231,203H,DAVIS-LACY 31C,"PIONEER NATURAL RES. USA, INC.",SPRABERRY (TREND AREA),MARTIN,10,202301,36,238267.0,32,32537.999999999807,0.3286120808509482,3.943344970211378,0.7248915365461942,0.9082293581621315,ok,309815.44879607996,71548.44879607996,238267.0,168,1,Moderate decline,10030.0,30888.878244873376
31744071,59215,202H,DAVIS-LACY 31B,"PIONEER NATURAL RES. USA, INC.",SPRABERRY (TREND AREA),MARTIN,10,202212,36,283432.0,29,22069.722646522878,0.09358499306522176,1.123019916782661,0.13231582336509737,0.908691592194908,ok,307767.22712382243,24335.227123822442,283432.0,42,0,Mild decline,9861.0,31210.549348323944
31744072,58484,201H,DAVIS-LACY 31A,"PIONEER NATURAL RES. USA, INC.",SPRABERRY (TREND AREA),MARTIN,10,202210,36,301751.0,33,26984.66985956767,0.13107673994549407,1.5729208793459288,0.6795898080042133,0.803016323746143,ok,504645.01298101427,202894.01298101427,301751.0,334,1,Moderate decline,10067.0,50128.63941402744
31744407,59243,212H,DAVIS-LACY 31L,"PIONEER NATURAL RES. USA, INC.",SPRABERRY (TREND AREA),MARTIN,10,202302,36,376732.0,32,32950.39289142937,0.11752043923022946,1.4102452707627535,0.42952457289359575,0.9273921163393098,ok,479659.01415115845,102927.01415115844,376732.0,145,0,Mild decline,10067.0,47646.668734594066
31744782,59516,213H,FORTUNE-ASHLEY 31M,"PIONEER NATURAL RES. USA, INC.",SPRABERRY (TREND AREA),MARTIN,10,202303,36,249941.0,33,25607.999999999585,0.21974341300736347,2.6369209560883617,1.0512117216964891,0.9433793552672618,ok,577388.0835139134,327447.0835139135,249941.0,516,1,Moderate decline,10030.0,57566.11002132737
